,A,B,C,D
2000-01-01,0.16475950813233292,-2.0241295250727758,1.7386395904390204,0.572999521840052
2000-01-02,0.1389576856340316,-2.764739044023237,0.5285721868293318,2.016280382581778
2000-01-03,0.2919592109946983,-2.889723431426156,0.4467672590986698,2.643424632593539
2000-01-04,-0.8363338285387925,-2.5585826489031676,0.48296891500323935,0.79318582819102
2000-01-05,-1.3105847963488562,-2.552080517596475,1.8243261946177505,-0.33236249401911366
2000-01-06,-1.7241306125319775,-2.3258863060458888,2.381307400620017,-3.010577319967977
2000-01-07,-2.200061544663661,-1.6923539107609018,2.4672221650480255,-4.825571667175572
2000-01-08,-5.283291631360049,-0.8205981257584501,1.7475619816728227,-5.143948444925707
2000-01-09,-6.425004005751708,-1.3235995790089943,2.703041527502449,-4.70144355271041
2000-01-10,-6.358729563042608,-0.17086154432320555,1.9912182527097784,-4.348909888421539
2000-01-11,-7.25143579680906,1.5088717063661032,0.17210308631620386,-4.17289772340254
2000-01-12,-8.300544145532491,2.200853651243739,-1.4566601689436927,-4.390374394873264
2000-01-13,-8.671418194735468,2.2972800815566607,-1.3378655665444947,-5.241499498765342
2000-01-14,-8.894183141852977,1.553956283968474,-0.5453110336339749,-5.405458642989752
2000-01-15,-7.461962955228614,2.5473082098652826,-0.7817367551410854,-4.918134136406921
2000-01-16,-7.2699874510071485,2.9480191233464854,-0.879480658757996,-3.46585950674715
2000-01-17,-7.605793694456611,5.873095717211106,-0.7570065972562727,-2.68639812975378
2000-01-18,-7.866193979427928,6.625926053533419,-0.8354782775467903,-2.566334297472405
2000-01-19,-9.493051248680052,6.889379866650103,0.5531837601276001,-0.8973978017992672
2000-01-20,-9.930484967272829,6.577763404548436,0.21432097704806918,-0.47849722303247866
2000-01-21,-8.992912396409087,4.700967451865367,0.2531660203535398,-0.8197898141141661
2000-01-22,-9.769435956811934,3.8677680226891398,-0.6358467559748064,-1.0391128694283955
2000-01-23,-9.445602511056135,0.9098314998845711,-0.9674120242938666,-1.8559295289173328
2000-01-24,-8.040012514668359,1.044612155910286,-0.14568759109650398,-0.2843663633167237
2000-01-25,-8.049233303886089,1.9909905203709863,0.16995827090015087,-0.49599567002678
2000-01-26,-8.805569472091127,1.8501206710433207,0.05622493176560474,-0.7587512288918075
2000-01-27,-9.703453788620793,3.52986043223291,-0.8812760420878045,-0.10687697038289301
2000-01-28,-11.163521023586606,3.5860858251720935,-0.6464813155918816,-1.0981204407797596
2000-01-29,-10.734637983303836,4.231043000395278,-1.4587300676165076,0.7234771928909729
2000-01-30,-11.220686118577781,4.225515729389818,-1.2037961239220785,1.484064516575593
2000-01-31,-10.850407276989488,4.327463260392192,-1.7200507464454557,2.3729597772480697
2000-02-01,-12.326842688290585,5.236841756570543,-2.6345838163620416,4.719832584821938
2000-02-02,-10.869314900537828,6.357273180659096,-2.8788935735985413,4.113051180079277
2000-02-03,-10.292461298078253,7.227894614510874,-1.7268409708210029,3.8848583703826156
2000-02-04,-9.25943521726983,6.007503537130711,-1.9127721467857737,4.693733947276203
2000-02-05,-9.503589744479815,4.643846581672182,-1.7749103911237651,4.101748811660178
2000-02-06,-9.569484909520147,4.666556044119759,-0.8382919367924406,5.577578123162904
2000-02-07,-9.440446269420201,5.629616569609448,-0.18083657867672698,6.656861594059894
2000-02-08,-10.245034021663386,6.370146156999327,0.8294324486288027,7.3974593770889525
2000-02-09,-11.22980545479614,7.125862537098982,1.3120957659479755,6.891320623341473
2000-02-10,-11.41646133359586,5.541825310064468,-0.09120446925037884,7.081695539476234
2000-02-11,-12.000612754149452,5.040198507792841,1.8121543142737189,5.557238902806927
2000-02-12,-13.69219936264715,3.742992157385442,2.080777434850207,4.8664974247145185
2000-02-13,-15.679148747425728,5.361754802519336,2.7106496069452732,5.493426800922659
2000-02-14,-16.573122682131853,6.754311063216377,2.4969526150276535,6.353327752007908
2000-02-15,-15.144039916585115,6.73565251500666,1.934044552593949,8.25069994149157
2000-02-16,-15.078445305557645,6.904872021045913,0.06213694915733803,9.065950577708428
2000-02-17,-15.067257909313504,6.244368316857261,1.1076724504716124,9.47381034272974
2000-02-18,-13.865463259432218,7.380424859145746,0.39990181837615946,10.05801134884873
2000-02-19,-13.118180038577435,5.6791171064280626,-0.22590924586977013,10.00780127930505
2000-02-20,-12.71448164711392,6.427978599484879,-0.5532679424370075,10.2887057319521
2000-02-21,-12.312989675528762,7.031182587323046,-0.7640160181870588,11.61893664555282
2000-02-22,-11.090069862383636,8.624204814289236,-1.9048396268396905,11.328988360909904
2000-02-23,-11.675949001947131,9.134166423169255,-3.0090156814173485,11.751954695581489
2000-02-24,-11.20785385645739,8.021298699269275,-3.1461472163196382,10.912176757320454
2000-02-25,-11.529262095948217,7.5105443351482295,-3.1374709945045383,12.392628445067498
2000-02-26,-11.652033565389628,6.265603732158715,-2.888054778405733,11.043629855861774
2000-02-27,-10.613898759467439,7.537186676488783,-2.1083920311002347,10.03979677407569
2000-02-28,-9.380406691767886,6.5702033302644764,-1.7183554047827903,10.390690801194163
2000-02-29,-8.544751903700782,6.3438255759914375,1.0667787095843209,12.096730111283652
2000-03-01,-7.744822699125492,6.26665055748628,0.3710723806730276,10.832953652710014
2000-03-02,-8.329682275952333,5.966938837243263,0.2982557983989402,12.413934021188108
2000-03-03,-7.1207516862890925,5.714241393177023,-0.6075357929666119,12.825725937843831
2000-03-04,-6.755043937434068,7.291744284918512,-0.32372623660815053,13.066460746088103
2000-03-05,-4.250454713711715,10.141328806666342,-0.7988240012217267,12.402199975490985
2000-03-06,-6.008332893580355,9.56284503124185,-2.7148179910316395,10.894727274703571
2000-03-07,-6.325831444476861,10.084047684046487,-2.4352752216556817,12.152124095408887
2000-03-08,-7.338390510617389,10.411966858453964,-2.2952510793287555,10.642728737817084
2000-03-09,-9.730851212200363,11.368748615066288,-2.4056669716508505,10.95622680881798
2000-03-10,-10.649863449977325,11.69972486159299,-2.9818369107148985,13.430939461650237
2000-03-11,-11.531682525292524,12.762049245616167,-0.9549047144314908,12.46365096162983
2000-03-12,-12.759687024415964,12.823126188426059,-1.9204945639282713,13.18039595136963
2000-03-13,-12.652033553479763,12.99731659259707,-4.233843833886045,13.174035663879142
2000-03-14,-11.402322877111525,13.308223796354016,-5.1506882055081435,14.3184465126006
2000-03-15,-10.456338741127684,13.254601932592271,-6.3119745662318945,13.341104262052422
2000-03-16,-10.373654699742,14.383160894739197,-4.389584268609621,14.802453318263304
2000-03-17,-9.311226068145437,14.882335115453001,-4.348174775411341,16.08667889750781
2000-03-18,-10.2886156704364,11.817916437362769,-4.545388994965314,16.27757547713818
2000-03-19,-8.504978312758334,10.182488094254758,-5.954238468388254,14.906361774004887
2000-03-20,-8.393591898702743,10.179945532491605,-4.571688595661286,14.580683360890538
2000-03-21,-8.403498803084771,9.600987557917538,-6.546381228286986,13.890654258961803
2000-03-22,-7.429626863672303,10.502579137120932,-6.907387559530767,12.549974447138677
2000-03-23,-7.86124172919071,10.573725889369943,-5.593504674185084,12.052654528537046
2000-03-24,-9.383447640805507,11.30732648166894,-5.15743075723296,11.01171588379924
2000-03-25,-8.668116283479705,11.486475304238063,-3.983290147705499,9.442303686038695
2000-03-26,-7.669570818097273,11.51339564305459,-4.317509645509284,10.072746484578502
2000-03-27,-4.500609969445644,11.369521469149618,-4.537162005874876,11.035600006279907
2000-03-28,-5.279059794947098,10.435723543787107,-4.180261963006492,11.275831774215064
2000-03-29,-3.5996833209189862,9.572203370611613,-5.6740987755718635,12.143387716596386
2000-03-30,-3.502282921959001,9.818024644941534,-5.134702517903486,12.797602029455357
2000-03-31,-3.1842063969753465,10.391201328825625,-4.490361988313156,12.165321939591456
2000-04-01,-2.089115740823376,8.92924977895484,-2.925554193382493,11.579428339611894
2000-04-02,-2.490546058107695,7.9622193190569845,-2.1404311594029783,12.337779503931545
2000-04-03,-4.8328503323634475,8.285549726365604,-1.1668023098357658,11.378207349531495
2000-04-04,-4.392153858723847,9.25954074376307,0.013410464850646342,11.296312605783001
2000-04-05,-3.6301786111232395,7.930655031075352,1.626309915170264,12.385781174209653
2000-04-06,-3.4377401756338792,7.601126555754848,2.0993949246672003,12.152242192510545
2000-04-07,-3.686609282126644,5.593697860955851,2.238777294505535,11.391620756275017
2000-04-08,-3.782260637857256,6.198998530585584,-0.8022352190379087,10.90830471015088
2000-04-09,-4.9062833930277545,6.046731600587046,-1.3514189064672533,11.033659629434586
2000-04-10,-2.452091857461005,7.554815127119971,-1.303071883237362,11.760538806692178
2000-04-11,-3.361658265216255,9.315628664822928,-1.0416107084578545,11.484950814673166
2000-04-12,-3.335559590265203,8.604433694214622,-0.47733519585220663,9.840326501609164
2000-04-13,-3.4557399104625146,7.171741165448196,-1.2682776496781791,9.100253345897842
2000-04-14,-2.9835039743998406,4.324255579873412,-1.2415322219640572,9.106072226545317
2000-04-15,-3.0010278426446617,4.351481840334628,-1.6486861581309258,8.959358488997688
2000-04-16,-2.3343606045200516,4.792244922105876,-1.2199404338855686,8.15972859505374
2000-04-17,-1.2307079587020928,5.414936349293219,-0.6322456197544064,8.803528742149533
2000-04-18,-0.4988767743335304,4.523186754162102,-3.3484497561549658,7.332251061131872
2000-04-19,1.3289821484360589,2.7952956378558316,-1.692464660056815,7.950458792680221
2000-04-20,1.1068163392995276,3.6593229936957266,-2.480590007105225,7.106250429422197
2000-04-21,0.787804238517004,3.601165888962401,-1.9011663740868021,7.376979295010982
2000-04-22,0.13641215543409724,3.160319623271822,-2.212242028874802,5.023916263803916
2000-04-23,0.9675720829757977,2.9148981485119307,-1.8649388772058058,4.67342109492701
2000-04-24,0.16337689831419655,2.0320369699103127,-2.1631596031770477,4.14407033329592
2000-04-25,0.7002930870667732,3.583877023560582,-0.8891515902453062,3.0162263301260985
2000-04-26,-1.424650552110942,3.799733356161089,-0.4485238185629608,3.234609861068289
2000-04-27,-0.4597567683149595,1.8253910535066855,-0.9889757199960789,4.599172751080877
2000-04-28,1.2952297101621566,1.8373034661215581,-0.35567738307798935,2.734030077710283
2000-04-29,1.9229875915145775,0.5209201703115645,-0.4242728150694136,2.176936411274066
2000-04-30,1.612762257490794,-1.6374093750760383,-0.3261259486315809,2.385306937132184
2000-05-01,1.7494052748898274,-1.9167014288180964,-0.7211831303555528,1.365571321198873
2000-05-02,2.1637183386318877,-1.728553106584052,-1.55408430301055,-0.34347405158518907
2000-05-03,0.6776339175157828,-1.8373213984589485,-1.506983867788651,0.14617962219009056
2000-05-04,1.3260542176974486,-2.0501593682964967,-0.71348232031704,0.19110967620447802
2000-05-05,0.1786290112717268,-1.090531811998544,-0.2002579065561907,0.6565610679506563
2000-05-06,-0.32886514263264155,-3.483490128755201,0.397743237149912,0.46090422348722904
2000-05-07,-0.1548835677459057,-2.424143241528876,1.2007827364287762,0.6541456910564746
2000-05-08,-2.2670470342123203,-0.5349939084417668,0.7785930539554078,-0.14016556161536287
2000-05-09,-2.0572559576657135,0.5081788032287398,2.7913808570715064,-1.2286180761890808
2000-05-10,-2.014972821540139,0.848854189920117,3.8449562206431005,-1.1755416839356376
2000-05-11,-1.7037666036613737,-0.6997393321053211,4.511499069972527,-2.500612918119298
2000-05-12,-3.732191959630686,-0.8620647448463746,4.565657126790839,-3.105491658012505
2000-05-13,-3.994051813602287,-1.6706106009418802,3.7097614838621182,-3.4890263474540806
2000-05-14,-2.6811543333349235,-0.027432497235066355,4.790459037515784,-4.33786588742376
2000-05-15,-2.0029542921464363,-0.647655277906451,6.023731990991682,-1.7592951797231122
2000-05-16,-2.5143099107216376,-0.512463033150484,7.139978616505182,-3.0948781361694793
2000-05-17,-4.586201297239384,-0.6752669079823335,7.3059615625626355,-2.6372849706803843
2000-05-18,-4.032863971659625,-0.44476112407317564,7.486297932576018,-4.400341429300773
2000-05-19,-4.67666953306288,-0.7497293977013982,6.809769685656602,-5.410954332046547
2000-05-20,-3.990419301221464,0.4190360767340068,7.751200238724104,-4.575134085657323
2000-05-21,-4.001722055061713,1.1269455727395128,9.555181574022047,-5.557823024017729
2000-05-22,-4.057353591433713,1.5443162999314082,8.789246468399185,-6.535330012015573
2000-05-23,-4.894283031522502,2.3039559029616696,7.821642083590793,-7.289958313107125
2000-05-24,-6.353227783373117,1.442927764577914,7.5848247211106665,-6.77561601511338
2000-05-25,-6.297582166741573,1.719347035698905,6.764138974028537,-8.715381318144296
2000-05-26,-7.318758772069478,1.0411615465335489,7.026875209363009,-7.5824564862031
2000-05-27,-7.325484798608048,-0.44182964896836685,7.612468877455065,-8.456660968090674
2000-05-28,-7.451794359556106,-0.20642612753560977,8.22913833177727,-8.528840561890853
2000-05-29,-8.91060449334203,-1.2856770123405914,8.763899705306716,-7.392660702865929
2000-05-30,-9.337738695773725,-2.75941621742203,7.416458659867555,-7.824351802751037
2000-05-31,-9.004439426960822,-4.749582499732764,7.546978340310848,-7.6463949140265335
2000-06-01,-10.36855356825452,-5.382034586984492,7.432709987324944,-8.094872074717554
2000-06-02,-10.447687964225311,-7.147011636854231,7.224245738437772,-10.361274391362123
2000-06-03,-9.319440834845679,-5.001547432217963,6.677553854631793,-10.400020592870442
2000-06-04,-8.633455473146515,-4.094113483707898,5.919599807556955,-9.847073516049056
2000-06-05,-7.682264351566471,-4.408917416088705,7.685288188992609,-10.518377423170167
2000-06-06,-7.51277772430668,-4.685521310037295,6.28380686221025,-10.49358651072581
2000-06-07,-5.129862410455566,-4.839611090374839,5.792274979347393,-9.480649191081438
2000-06-08,-5.514244664124804,-4.264439526580563,7.068473515598431,-9.113507550622785
2000-06-09,-5.4186219407223275,-4.437533713872945,7.684921712274966,-11.729816954751758
2000-06-10,-5.1887126416794995,-4.028974355059554,7.076396337836244,-11.519105457470953
2000-06-11,-5.447817342179901,-3.2179814352137757,7.005224679173778,-11.492169613371585
2000-06-12,-4.7050283989889135,-1.7476530053958954,6.365937928051856,-12.276257842458199
2000-06-13,-2.068358903997951,-0.6194248605784669,5.873438816653647,-13.289004653100616
2000-06-14,-2.6943076588026633,0.0915164858036932,6.477173453783896,-12.713619988965096
2000-06-15,-3.202591648435847,0.14313293280837996,7.245966030320613,-12.196079755818774
2000-06-16,-2.8458790814671673,1.6117728758096097,4.737712644698391,-12.341436344714868
2000-06-17,-3.2337276647682676,1.5674113999859685,4.163093231881984,-13.146318562437251
2000-06-18,-3.889523481452785,0.26236813574072215,4.475367802397819,-11.679605601226648
2000-06-19,-1.7849514159931577,0.09853044288837828,4.899839718588488,-11.82483240065535
2000-06-20,-1.4574671126641623,-0.7160106003300107,5.8016801671728375,-11.521565525870308
2000-06-21,-0.1539610099558153,-0.7456864500800054,5.963134720680609,-11.732979257591403
2000-06-22,-0.6146197427560283,-1.705184642785134,6.629031080473756,-12.38258181468545
2000-06-23,-0.7017200352198719,-2.069637202844721,6.795018467527185,-11.807634838260489
2000-06-24,1.4778431311702538,-1.1153614942194208,8.135121390562832,-13.464398595223397
2000-06-25,2.340458926938056,-0.6364638825726419,7.104631589602354,-14.20777408164788
2000-06-26,2.4820352319586556,-1.5535387682308448,9.128773300008074,-16.107049594142588
2000-06-27,2.9958836724224946,-1.145254662799879,9.221248192558837,-13.815380432527729
2000-06-28,2.1467421233979405,-1.9731068434656298,10.681670384466,-13.151767824821514
2000-06-29,1.3477996207051557,-3.116214658985273,11.193166562167368,-15.102407466920836
2000-06-30,2.44119124783098,-2.7669168980383394,10.009971437370101,-15.021528681066151
2000-07-01,2.2156066102385017,-2.0325985599495624,10.498750417601084,-15.616789740939945
2000-07-02,2.2260467076177433,-2.151271095785242,9.968123371299143,-16.284236911875748
2000-07-03,0.8911089263562793,0.21621780761491838,10.618839354228037,-16.040832098205552
2000-07-04,1.3606389065632771,0.02099518900806477,12.977935333690974,-15.607166583267789
2000-07-05,1.864525906279328,-0.19975773102504177,12.288304333028275,-15.998717808450635
2000-07-06,1.480222834703838,0.3636216064579362,14.269854199960939,-16.413543030041094
2000-07-07,0.5064414364476122,-0.9655571765717833,12.82589017223489,-15.428308830389446
2000-07-08,0.5541633189626688,-0.5494692389313318,11.54962820599509,-17.137061472753643
2000-07-09,-1.3815542017925448,-1.2158912644382842,11.96955230538714,-17.294750192092224
2000-07-10,-1.639526296965907,-1.0026287471136337,12.33523853429216,-17.367959115663755
2000-07-11,-1.4554488147070916,-1.7108271779190365,13.39302070180579,-17.41460631780866
2000-07-12,-3.7148499064757003,-0.9604227822964004,13.682596714236979,-18.57806313169861
2000-07-13,-3.579492480095896,-1.226655940875814,14.120430648565502,-19.632164164667543
2000-07-14,-3.69753252238994,-1.5880209144636546,13.269987841786856,-21.481805903196022
2000-07-15,-4.013290238669976,-1.111861519486098,13.428998101441401,-23.742629875180096
2000-07-16,-4.3625173216217625,-2.0029829981129423,12.011433123088214,-25.454981430527287
2000-07-17,-5.270246030376343,-2.611529365011274,11.624757056711925,-24.278105832204293
2000-07-18,-4.813074418812363,-1.402811649633613,12.455492989738591,-23.753515622174426
2000-07-19,-6.616018328160658,-2.4092210653501773,13.42645237896874,-24.046078469987165
2000-07-20,-6.360429258163535,-2.585297344350361,13.18651833039915,-25.232715605584083
2000-07-21,-6.756551421762305,-2.303380717056179,14.032394102201296,-26.023950558591586
2000-07-22,-6.751505674526184,-2.238768645479416,14.650913458683688,-26.468077509442377
2000-07-23,-5.575801484480463,-1.9892008128319145,13.272227738293346,-26.335332526070378
2000-07-24,-6.25034969202712,-2.125245204449536,12.108045426652865,-26.559524353206903
2000-07-25,-7.123121903618398,-2.3832756656678122,12.84711813217118,-28.912045798477678
2000-07-26,-8.053176852568587,-1.103781894701053,14.141417099939225,-28.688815973089323
2000-07-27,-8.152319374448027,-1.284328052537745,12.398440282550247,-26.03000399696354
2000-07-28,-8.270537507917426,-0.173451874172029,12.279257993068047,-26.630284859029548
2000-07-29,-7.372474377975346,1.3544738881002438,11.785501091408436,-26.506333211134258
2000-07-30,-7.146488211852483,1.4056279631337207,12.700545889812227,-25.918799358585492
2000-07-31,-7.914005670987778,0.8912020348140742,12.269176655741006,-27.200883949027588
2000-08-01,-7.569918769711905,3.135490843766033,11.5445099128054,-28.193377939331814
2000-08-02,-6.353612242764864,3.002559183762315,10.87649975279328,-26.878997218828165
2000-08-03,-4.263760512230894,2.7498885788786227,9.5876103701627,-26.340731271651514
2000-08-04,-4.245921389450359,1.7487996026975776,9.658566860977313,-24.84839059694844
2000-08-05,-3.820776146333026,0.9685535459301507,8.62460565227525,-24.635432448306904
2000-08-06,-4.273906261025427,1.2496472303998947,8.52548435915728,-25.117864098029123
2000-08-07,-5.676328553305418,0.6528656031468156,10.718099540167861,-24.423927006217454
2000-08-08,-6.374612048412813,1.1006458739222589,9.564659207881359,-24.96296673970228
2000-08-09,-7.602045078939065,2.206497412465953,8.07395780824091,-25.627289458493998
2000-08-10,-7.899154952482241,1.376353592679511,9.147693705200618,-26.954870086891475
2000-08-11,-6.437928094430218,1.4438534947955444,8.467024849397344,-26.028668769251134
2000-08-12,-5.373224233257422,1.5455039575791614,9.56914763629767,-26.24065996329778
2000-08-13,-5.27688737669353,1.3952340403557408,10.335882639426174,-27.605193100265232
2000-08-14,-5.764643490711527,1.042465607515432,11.897591355531302,-26.670473035780986
2000-08-15,-5.135716616002876,0.6672360846870256,10.597519084702041,-24.398504785500016
2000-08-16,-4.496902089655998,0.7559974111753576,9.71456222073686,-24.33622566227058
2000-08-17,-4.326241355510906,-1.5582542211893706,11.028960974357494,-22.815989886255878
2000-08-18,-5.254759214122734,-1.7736317424476684,10.77497355313184,-23.458502720660075
2000-08-19,-6.230163168986686,-1.755965752596179,9.822966632442343,-24.348588076641004
2000-08-20,-7.411880942465456,-3.2172063105192055,10.362381255180248,-23.721215958119505
2000-08-21,-6.034190330155202,-1.8126729436836895,8.88112926571252,-24.724992044440736
2000-08-22,-5.7897104610470995,-1.1254778412026787,9.44983996843466,-24.810037388039532
2000-08-23,-4.406144833963739,-1.4514437831256144,9.071900950141194,-23.725375975852682
2000-08-24,-3.5133406512801355,-1.3682493374138043,7.825217011598873,-23.6109265766307
2000-08-25,-4.011303024906746,-1.7591025065217702,8.939724221532776,-23.474370473702102
2000-08-26,-5.16453407463313,-1.9407442130237789,7.227752094958079,-23.542030374293248
2000-08-27,-5.0436778407956355,-2.1281853051676327,6.887532158723995,-23.022436282224223
2000-08-28,-5.6094221992303215,-2.58390610983723,7.552858472543094,-23.490561811726188
2000-08-29,-6.988802862077285,-3.3741613731504327,8.577357011742363,-22.16990511501289
2000-08-30,-8.492515551247369,-3.0596750364338727,7.973221811612673,-20.728945172561883
2000-08-31,-9.945790829967603,-3.9907547563756554,8.146547779242631,-19.862174126004778
2000-09-01,-11.520221764303361,-3.615898513079033,8.188627893490004,-19.968118249039875
2000-09-02,-9.527259577707449,-1.6685468664718033,8.698592429304567,-18.617651313674685
2000-09-03,-10.732487419159288,-3.849050566507264,9.180102976866886,-17.802287401008986
2000-09-04,-10.562461555107442,-4.120548272335219,10.828078648643343,-17.190830547908266
2000-09-05,-10.142025150232465,-4.32442998819146,9.98585698939732,-18.16219870619966
2000-09-06,-10.140788723291491,-4.220854195429498,10.884898250175889,-19.502082197610182
2000-09-07,-10.228039744128768,-4.662115753384115,12.819496817818786,-17.950336649074654
2000-09-08,-9.898340412640769,-5.848450666947903,12.446624269241672,-18.790596580824992
2000-09-09,-9.197816012573915,-4.477821462502343,10.895367789480787,-18.0406947513004
2000-09-10,-10.005563922554373,-4.678615721346267,10.094006283963209,-18.791248095487823
2000-09-11,-10.440589085594118,-4.977279754676166,9.433605953619256,-19.53527256801104
2000-09-12,-11.808757046392884,-3.563389436869847,8.785334176719154,-19.470948313609405
2000-09-13,-12.714564607105968,-4.105503959484588,8.234744455812105,-18.978385320041717
2000-09-14,-11.747437462821855,-3.028939054976778,8.08687927393505,-18.476073928803206
2000-09-15,-11.18318860752703,-1.8592733724013002,9.259907654952753,-16.706328593768006
2000-09-16,-11.260011049865007,-1.6450758971842003,9.329635453042957,-17.197519140952966
2000-09-17,-10.798593123280178,-1.7639832901343764,9.536426869699108,-16.016590071436266
2000-09-18,-10.857572916030424,-2.1080340100740558,9.684326855008061,-15.481247195445018
2000-09-19,-10.3850461120332,-3.184345499353807,9.318956132985107,-15.459087570099712
2000-09-20,-11.567390068321084,-3.3015050915252218,9.234090244567959,-14.523088869520274
2000-09-21,-11.590424145605327,-4.0030470522136525,7.851142848268663,-14.886340958141387
2000-09-22,-13.24905336331081,-2.8774468971595497,6.9525372141610635,-14.315610391865263
2000-09-23,-12.430242442017263,-2.8114886863432407,7.535833647715378,-16.496020214095168
2000-09-24,-12.757984214006424,-1.0769818925640997,7.954996843741273,-16.266055939209313
2000-09-25,-11.486328065766036,-0.48775006057427084,11.272665492961945,-17.212104085801297
2000-09-26,-11.893141873498177,-0.07085873079813781,10.287412000239842,-16.774621237525906
2000-09-27,-10.943075295747235,0.9217116965131629,11.832471024359464,-15.597641360797349
2000-09-28,-10.52597376480861,1.5024129958904395,13.119032265430612,-16.223812074134745
2000-09-29,-11.102037871273238,2.253758930643482,12.770728819449143,-16.16352296586414
2000-09-30,-10.65000512072797,3.094337301452593,10.051278917467899,-15.00125918974095
2000-10-01,-10.48366259845323,3.385585349127179,9.531849602242236,-15.399494613047807
2000-10-02,-11.615244510220984,2.484528923161724,10.603634540819911,-16.812469670836062
2000-10-03,-11.55048064660737,2.0496260622290774,10.48224312194656,-17.5483389765105
2000-10-04,-10.78127213636241,2.960517986430431,13.356312181519394,-17.324970589862023
2000-10-05,-10.623775981570304,2.220353750384382,14.229614079303484,-17.16486686095339
2000-10-06,-11.512293785734105,1.268202355580336,11.751107822811708,-18.917809183233494
2000-10-07,-9.837287167643847,1.3456332302448384,11.053168684064278,-20.19844270872862
2000-10-08,-9.78605894893838,0.3549126986757991,11.30507561716914,-20.915591887011583
2000-10-09,-12.127578413321057,-0.5217214189684581,10.573757855520869,-21.436242939383
2000-10-10,-11.672642124218799,0.19513619679535665,10.665142170429744,-21.574645749702473
2000-10-11,-11.793238674376502,0.020890048457883864,10.837575605486263,-21.705498099174694
2000-10-12,-14.208724610996404,0.4228525256918605,11.000969497618435,-21.637483610473403
2000-10-13,-13.894100030308355,-0.8712782445203517,10.442374872142643,-22.337978725568217
2000-10-14,-12.825374552173072,-1.3195006101795732,10.965825296516211,-22.57078713582373
2000-10-15,-13.315876986420031,-3.115925225761389,11.661223752036344,-22.400919348911916
2000-10-16,-14.15732614754068,-2.6706325889938047,12.206959011121688,-21.917625570843107
2000-10-17,-11.51920525798442,-2.2227136634810716,12.859562353250872,-23.48122643541718
2000-10-18,-11.233496921893291,-2.825911312726382,13.70533906595254,-23.205490628886537
2000-10-19,-13.140144775731644,-4.834367293617302,13.156325135164325,-22.517389850616258
2000-10-20,-13.493592839813244,-4.146640105485707,13.892078281098867,-22.101908377777427
2000-10-21,-14.413759219191821,-4.04657153904388,12.30820865038502,-21.243765258460584
2000-10-22,-13.562655214424067,-3.429212296728854,13.186012480501702,-21.622408416494146
2000-10-23,-13.753020179042736,-2.597151937012435,13.18404908523258,-20.664816672497366
2000-10-24,-12.784998797044057,-1.9295595089211626,14.488397910983084,-18.873904314918008
2000-10-25,-12.517143589714431,0.17743411627142147,15.706705213005419,-18.827791414135593
2000-10-26,-12.025883520362223,0.30333357206509665,17.381408377683695,-18.102807406293877
2000-10-27,-11.690444905153138,-0.17996125200272867,16.026126980251842,-17.849963219085332
2000-10-28,-10.926991761004286,-1.1059062538198268,14.097275542414081,-18.33490988917219
2000-10-29,-11.727045359654658,-0.3658696179508165,12.486895581494032,-18.919649750180728
2000-10-30,-11.07067433766787,1.5741197811885388,12.874954796164415,-19.221474588558046
2000-10-31,-11.484524712685017,1.4904016705713738,14.148249161090988,-17.72690249854788
2000-11-01,-11.387156092629825,2.8253322538085595,14.709735024681812,-18.90729524417774
2000-11-02,-11.889471565040907,4.017490787495413,15.45835712207798,-18.55252294691909
2000-11-03,-11.260854623818464,2.764468826744314,14.822970362963455,-17.952448723286043
2000-11-04,-10.746929330281517,4.826335345215177,15.933323215934214,-19.516756991491047
2000-11-05,-8.328720713211979,3.596297586018216,14.890043105613689,-17.82839865354072
2000-11-06,-9.781339905845396,3.7946232776751403,14.835079343737855,-17.88811049940892
2000-11-07,-9.920673992462847,3.7539333492911484,13.406733049235001,-17.554070135251422
2000-11-08,-10.94373306429986,3.6594965946350166,13.001662673936531,-16.632106299469537
2000-11-09,-12.71315541329515,4.573820839306033,12.93357740166417,-15.29961828381931
2000-11-10,-11.084929197791597,4.712573752307996,12.706155524758632,-14.548207124475272
2000-11-11,-10.709747843958658,4.962081969529108,15.405134914617609,-15.170107956117278
2000-11-12,-10.829361924237606,4.794455686286387,14.096574006153187,-14.534933227926546
2000-11-13,-8.72974956963538,7.03823370327443,13.888767001396054,-16.90480081416588
2000-11-14,-8.323432275812385,6.614802508497087,13.85245113805806,-15.127750625240884
2000-11-15,-7.442089842565057,6.439284748924583,14.01670228313929,-13.224719375856862
2000-11-16,-7.889711571170408,4.457583499524197,15.29524196039559,-14.286271693269924
2000-11-17,-9.705926427727455,2.9595348100060814,13.528629564201665,-14.023433915729914
2000-11-18,-8.60154725970661,2.9616542268899595,13.722834625915088,-14.457114300707964
2000-11-19,-10.09719370521352,3.729394658780673,12.774381044737707,-14.391274595356712
2000-11-20,-11.599432084200034,5.069953623293511,12.209368305069086,-12.907314608091044
2000-11-21,-12.299890425126941,4.861844504459514,11.812440167899185,-13.94031067834193
2000-11-22,-10.324865339949817,6.014136331997625,12.299553483479462,-14.9906431814034
2000-11-23,-10.186325287125657,7.071639646633935,13.267624501144796,-15.107107074574305
2000-11-24,-11.366497466492756,7.202648945088462,12.632595869646172,-15.590247281131868
2000-11-25,-10.458555803271324,6.0982727252852245,12.99331962761404,-15.41302425449779
2000-11-26,-11.796322959751516,7.26661629944343,13.302917181383119,-15.204765980234178
2000-11-27,-10.46264195291967,8.156270648620918,13.618237797614796,-14.789172740026203
2000-11-28,-11.428272893140505,7.35132779842181,14.334510815743663,-14.94121342645176
2000-11-29,-10.829197332559442,6.5760694916924685,13.343226790879852,-16.12821621911472
2000-11-30,-10.784050712904632,6.197865200018505,12.607910108269612,-17.2520323108009
2000-12-01,-10.5273224792808,5.592392398009752,13.090563867555645,-16.940103012187606
2000-12-02,-12.356124658267541,3.5542998641269046,13.80856590959749,-17.360252165564052
2000-12-03,-13.178538003289903,3.452008685814797,14.26758717714849,-17.16761291044729
2000-12-04,-13.429991987986144,1.8839828297476244,14.841490427447898,-16.087564590390755
2000-12-05,-13.087886243589237,1.5475497382178012,13.63312370188452,-13.860294521873508
2000-12-06,-12.709224390938141,2.377683239360126,12.23911057316555,-14.930281935815314
2000-12-07,-12.871444482566421,2.149263355001848,12.054294580689032,-14.533051189446773
2000-12-08,-13.886381216176874,3.5386309767464565,11.385772777204728,-13.628157728910656
2000-12-09,-14.103050586639776,4.537403148935667,11.554258186388545,-14.948814432337567
2000-12-10,-13.17556691406345,5.087157304777362,9.59133909905154,-15.084560888195831
2000-12-11,-13.747201284514784,4.0138284969171885,9.531786208556234,-15.48841862689465
2000-12-12,-12.742247791715446,5.808338948013737,8.54864502149924,-16.85802599001465
2000-12-13,-13.525107125707613,7.285469827553241,7.793200926388785,-16.25246620388578
2000-12-14,-12.314141619183449,5.800253337897102,7.245375327643853,-17.63984388564089
2000-12-15,-11.345528414838459,6.459782159944049,7.3896879275164755,-18.770282317493415
2000-12-16,-12.17021015817318,5.9704259557710895,7.3498981751135855,-16.701988758374643
2000-12-17,-11.448166809878225,7.444075072971396,6.446880045037947,-18.29731157481996
2000-12-18,-10.821986343822989,7.08517589850794,6.934455782420577,-17.489476142736674
2000-12-19,-10.850750000629873,5.990722432487697,5.211137957410606,-15.811772243561453
2000-12-20,-9.983758221826776,5.335966840439836,5.15320866676356,-14.872553891553675
2000-12-21,-9.136017170154217,5.844070653058734,5.195991200513759,-15.340364026146329
2000-12-22,-9.909434147304582,7.1655754983665805,5.051706480825355,-14.923648661110326
2000-12-23,-10.31510494168649,6.191728029610859,6.933786954937759,-14.588631467780528
2000-12-24,-11.478145583480893,7.308757908274865,8.73110679556222,-13.430328006757959
2000-12-25,-10.274789932707629,6.826069999526643,7.931828464276986,-11.22677165476453
2000-12-26,-12.509013274729892,5.987780568588078,9.676426580729766,-12.566162385450173
2000-12-27,-10.612097854096408,6.999581008313151,8.59345472451329,-12.110109248545758
2000-12-28,-9.576298479580032,5.339714776147542,8.961413606899152,-12.60329866901822
2000-12-29,-11.066346004822291,6.146559589544311,9.194768548368296,-12.520056377576758
2000-12-30,-12.01246800179036,7.182870404389867,9.606325128261421,-11.308306749078998
2000-12-31,-12.85269973436656,7.924375315292693,9.161025665606637,-11.290578089585068
2001-01-01,-12.249974580178835,8.300097760128523,9.17914752414051,-10.554780497271507
2001-01-02,-12.519398014859517,7.837474179304124,9.93958758329615,-11.684415172155498
2001-01-03,-11.34034728160653,8.797645086060047,10.020874011482428,-10.785180468827186
2001-01-04,-9.445422488326994,8.569606832758973,11.769529348763003,-10.741730124396787
2001-01-05,-10.174658679917984,10.153088847918182,11.847538523018715,-11.457588832039008
2001-01-06,-9.809885742059869,9.731113753203118,12.936865498553829,-12.921977276799366
2001-01-07,-8.611450257697722,9.337791786717359,12.798409872879109,-13.710646915768661
2001-01-08,-7.292570255941662,11.130628602437753,13.658184763295585,-13.989343713050651
2001-01-09,-7.814231954620188,10.44356183036043,15.039286288005508,-13.186405711619084
2001-01-10,-9.09190384044649,10.604388815914165,13.341363032439194,-14.746139454873562
2001-01-11,-9.303081723645425,11.44747848256422,13.314278076098756,-15.078257424298567
2001-01-12,-9.929960781596671,11.506494594005854,14.53896784580292,-14.508672240828828
2001-01-13,-9.231324312558563,11.24825996863627,13.732842399463134,-15.097742065650978
2001-01-14,-9.317156622658192,10.938593504939158,12.856364843273571,-15.023209570116679
2001-01-15,-10.003735365552126,11.24789854615817,13.29573214378199,-14.181794623724747
2001-01-16,-12.117339528433856,11.666857113382443,13.727780453096265,-13.978601742356167
2001-01-17,-12.94717597569406,11.341977250192155,12.81666425983034,-13.70257793285624
2001-01-18,-13.30804193920101,11.302193335663702,10.102702551741316,-14.638382346715566
2001-01-19,-11.443913961040396,9.03294636766298,10.491282260715305,-12.922716441471875
2001-01-20,-10.47143082274314,9.366535444867925,10.597673788489734,-12.842703886421937
2001-01-21,-9.37886911741432,10.792268124658152,8.958699581676239,-11.687399448810199
2001-01-22,-8.097985583430289,10.511891122957477,7.873463596728563,-12.545400157777975
2001-01-23,-7.064579486935724,11.306381283679526,8.09125643761594,-13.434841755030817
2001-01-24,-7.118259640073023,11.588320640768247,6.627480441871288,-12.577302168211517
2001-01-25,-8.060461813842926,13.29578671329119,6.18470638271118,-12.45761813865157
2001-01-26,-7.3687486766345005,14.756402571893005,7.550452076712859,-13.844825148815282
2001-01-27,-8.395158358484327,15.081361456248322,8.47809195547478,-14.626881192824191
2001-01-28,-9.559241865022203,15.443854796149074,7.988174379940846,-14.34569182176008
2001-01-29,-9.408805385933595,16.161728926083473,5.456676669210481,-15.275320803622998
2001-01-30,-9.388666886050121,16.514587443584496,6.271086147186569,-16.75070575270458
2001-01-31,-9.415707671263231,15.989882705622701,6.440320014424609,-17.639464819111723
2001-02-01,-8.432341257360592,16.970973544352482,5.097842369783979,-17.04420734172671
2001-02-02,-9.967254279800105,18.68754737926875,4.040754314022673,-16.022141413235577
2001-02-03,-10.980426366406945,18.872255811491556,3.228753678841209,-14.914687110904445
2001-02-04,-11.45012517827789,17.277354771028993,4.548883149287908,-13.573919981056523
2001-02-05,-10.275350553462864,17.69357012930519,5.357226660862241,-15.447665281546673
2001-02-06,-11.168716689447832,16.497889696832626,4.018954785198085,-13.99107311001877
2001-02-07,-10.11194048392291,15.79503278008513,5.832061280707769,-15.794684445960149
2001-02-08,-9.431122514423933,14.817234961648605,5.7742066843451365,-16.523745999046206
2001-02-09,-9.407974045612,16.84013359259549,7.0878192716712345,-17.753833347074185
2001-02-10,-8.149876160303972,17.21271954457785,7.228052519894506,-17.01219659209688
2001-02-11,-9.65656967416008,16.26077749914349,9.594320975398723,-16.009651839672358
2001-02-12,-8.775315572774144,17.638952695284686,8.763607883143031,-16.137025288397318
2001-02-13,-10.060493258520134,16.551834480160608,7.237255096649819,-14.940008918085857
2001-02-14,-10.322625798458596,15.589852578286832,7.190971587494449,-13.976360074860015
2001-02-15,-9.265415447125445,13.86686305888799,6.919101666532833,-16.00311230010486
2001-02-16,-9.855018835878669,16.179239031644876,6.769930881733703,-15.023474634563742
2001-02-17,-10.525628293832064,17.51371162320671,6.050403246137833,-17.152289887263105
2001-02-18,-11.274669842356477,18.636691036523743,5.906104573645092,-17.912899544348324
2001-02-19,-11.640865479692508,18.851267347071186,5.1261151067742325,-18.847575625085646
2001-02-20,-11.539257339675688,18.98761833457498,6.0606796065737765,-17.74286692387091
2001-02-21,-11.585419780599281,19.94013567817646,6.427510511319988,-17.61831634081589
2001-02-22,-11.962784619845866,21.20735389276918,6.363081861824434,-17.24082323972112
2001-02-23,-12.156507249989431,21.063204985541567,6.4869109363157555,-18.326005161681667
2001-02-24,-11.062972583213568,20.43478232270671,5.359187458840567,-19.17134732388074
2001-02-25,-10.351669289792087,20.867406639764187,6.383128715999332,-20.15767575022342
2001-02-26,-10.571638049418066,22.46019520894511,6.611291319580159,-20.154365759673933
2001-02-27,-12.159621428424114,22.50314987558844,7.513053249490628,-18.816660704208903
2001-02-28,-12.091359486132808,23.050458873497494,7.856455559739914,-18.50663139438863
2001-03-01,-11.869775200845654,22.885307662936846,8.153564665437054,-16.516313219113513
2001-03-02,-13.431224688537329,22.204764270544104,7.887624266844997,-17.795563566684688
2001-03-03,-13.850632136524323,22.086162587343754,6.347995742506239,-17.74780746333709
2001-03-04,-13.153599764257747,22.85208921742728,5.916474926691216,-17.327236722864413
2001-03-05,-12.444823860171175,24.49539870576605,4.812900234994567,-18.430003871407358
2001-03-06,-12.201278696709197,24.328749724972603,5.337601501711074,-18.395537364777113
2001-03-07,-13.151228179724491,24.082295482008437,4.249035164112573,-17.905995004565437
2001-03-08,-12.336453597642587,27.00543391467552,4.415959228920925,-17.421800174868213
2001-03-09,-11.330574649159464,27.998920241705992,3.7770248701603273,-16.091034684449976
2001-03-10,-12.77988022973484,28.218316642107908,4.87924432271435,-15.345441155155928
2001-03-11,-11.500757915675862,26.76579735667974,5.092935766379874,-15.06358381600736
2001-03-12,-12.253702928781092,26.07924513943273,4.691992187923311,-15.290159908019014
2001-03-13,-13.77552379553314,25.824358910864582,4.815081657779164,-15.605960065880646
2001-03-14,-13.705829245317826,26.385006711557637,5.008103889319706,-15.497903434700671
2001-03-15,-14.177661979110903,26.475375161664967,5.555625847685595,-15.851639442628802
2001-03-16,-14.4474098087549,28.160341755415324,5.044989115913463,-15.412600569877565
2001-03-17,-14.254526239458302,26.577014233836277,5.1677353172772875,-15.304494759984362
2001-03-18,-15.314142949688925,26.910817936520104,4.048608307967545,-15.71581067320671
2001-03-19,-15.487622688846798,26.536164766703,3.1503779844515996,-14.44929506313116
2001-03-20,-15.73853880428321,27.533110541792993,2.661803253359833,-15.124963424201072
2001-03-21,-16.97582217603245,27.884842561941543,2.2951396740812537,-15.289537081012885
2001-03-22,-17.83988064675816,28.21249822422611,2.4565335185614336,-15.849468647864262
2001-03-23,-19.953993995832867,28.159419262543413,2.871685076613114,-14.52842908231708
2001-03-24,-20.6337998560754,28.325449148843934,2.815617588255023,-13.762568455883956
2001-03-25,-20.1874545682769,28.005829430881363,2.5667161812514614,-13.245962505934498
2001-03-26,-20.123699437774643,28.276184723484842,3.4014554989824948,-11.60927421039813
2001-03-27,-19.93298624358395,28.48199387278279,3.9560166996232295,-11.234390462550671
2001-03-28,-21.371512299346094,30.158977638270752,3.2441901655349636,-9.654894822994484
2001-03-29,-21.3355793976901,28.301627143739807,3.8595559436759896,-5.698887079051868
2001-03-30,-20.13952468058609,27.055142532438563,4.797955672112877,-4.580175677409989
2001-03-31,-18.777638798443196,26.461565762855688,4.6665450576602785,-6.414408551528971
2001-04-01,-18.96058906381871,25.514514248737207,4.504090062798008,-6.69185835001284
2001-04-02,-18.04573392485879,25.481225998787426,5.804156291543293,-7.076039255172122
2001-04-03,-19.40340782905255,25.444514472009498,8.25031694398368,-6.464728834230806
2001-04-04,-19.410287878769168,25.553885347285703,7.625584795910347,-6.134079479597877
2001-04-05,-17.863738105096616,24.874105371581706,7.433373835075268,-4.202182384329425
2001-04-06,-16.60444908863383,23.968216533119918,8.941258990059708,-5.2535198077702425
2001-04-07,-16.561806432358104,24.28439659668685,8.713181785239678,-4.662957485351076
2001-04-08,-15.502688056911241,24.788841135083224,9.714048295959115,-4.88418956237034
2001-04-09,-13.886623649312094,23.17348327610055,10.041151233955764,-7.135636066086697
2001-04-10,-14.279431039362658,24.3349204623127,8.375448120563673,-6.93334959260641
2001-04-11,-15.682584790194406,25.06093890504293,8.428220599089615,-5.8638294732947
2001-04-12,-16.19411219374771,24.22180799636471,9.20582573360364,-4.563013897602807
2001-04-13,-15.087899444899143,23.95922892601772,9.171100084084863,-4.372883196058391
2001-04-14,-13.994208484627,23.723894058568977,10.412131760343136,-3.1200049226127358
2001-04-15,-15.192075170634967,23.86595185877582,9.280211022972573,-3.424775622945335
2001-04-16,-15.105844885725304,23.98397902562752,9.677627568237556,-1.245436088339725
2001-04-17,-14.530666334159038,23.540614935586426,9.848423062563114,-1.2725915963788992
2001-04-18,-15.200945066561552,24.279656176459344,12.258410251245582,-1.2693089364410923
2001-04-19,-14.70669289525923,25.289005354145715,11.747712887690176,-1.695240438792091
2001-04-20,-14.86231119711826,25.587494854577496,11.19360529850458,-2.5310827395246114
2001-04-21,-14.79134674401197,24.1970909737367,9.992994648007592,0.003074068034332633
2001-04-22,-13.504914243190715,22.912753013286068,10.15658367597536,-0.1629653498225361
2001-04-23,-14.609041522224405,24.754327134050882,9.68730429018014,1.3148369347851718
2001-04-24,-13.700200476367907,25.723799530651288,10.805947307502983,1.8230468856413105
2001-04-25,-13.976504360272356,27.090945272099777,10.07374769802789,1.958249965959205
2001-04-26,-13.487383302789782,27.596909811324732,10.427053671554386,1.6939225299184728
2001-04-27,-13.805957060743808,28.270558371941167,9.38102701541569,3.7070487751635146
2001-04-28,-12.728344123217944,25.926675688964462,9.270358313185936,4.988640016665239
2001-04-29,-13.524783275059873,24.779229453543408,9.026992834828167,4.455765019990794
2001-04-30,-14.796941735475526,24.83322699848202,10.005203788318786,4.50314661263612
2001-05-01,-13.988502410384815,23.741604163713237,10.588215392882491,2.7822986453165983
2001-05-02,-13.891618709973555,23.284271536046433,9.284883944358015,2.765271480384277
2001-05-03,-13.323669633074761,23.410978139856134,6.33691019690344,4.676398306278821
2001-05-04,-12.701516353212751,24.718071257107333,5.997174916442933,3.963964092722799
2001-05-05,-14.227274602773566,26.42460317934142,5.6944650605826075,3.9438285741876036
2001-05-06,-14.371578804606386,25.667389592582722,6.0079554238646296,4.119953030753821
2001-05-07,-14.498438200468003,25.948713694713195,6.045805306299744,2.0655837559355086
2001-05-08,-14.584647948860633,25.191204236890066,6.0848808441853,3.1200356231814887
2001-05-09,-16.217074742192725,22.83791909361804,6.228628518408294,1.725621435552595
2001-05-10,-15.651249921226913,22.635255398276314,5.077880157855049,2.4218108307380013
2001-05-11,-14.937774903321252,23.442533272477693,5.416954833608927,4.293286885407751
2001-05-12,-15.882117736689318,23.393269631219248,3.256560955988473,4.982510319773091
2001-05-13,-15.491222397108857,21.949515259525985,3.461365566064224,6.353713584258673
2001-05-14,-14.778370895464702,21.42664270104854,3.830968234265438,5.011954205501928
2001-05-15,-14.293742790207714,20.359336310025927,4.855976028556512,3.5697241323326256
2001-05-16,-14.773225187105657,20.76354932167391,3.5213983407111673,4.525810632805246
2001-05-17,-15.04314426178893,20.503643231826047,4.021123801746259,4.828297954032417
2001-05-18,-13.170425819628434,19.677531042856643,2.379615705895535,5.417519051283437
2001-05-19,-13.84874800714541,18.24477079757311,3.3597669458782127,5.259222127001131
2001-05-20,-12.350288729129925,17.971767035372626,3.0372505718657994,6.438832718892686
2001-05-21,-9.002842996534367,17.643437282986284,3.9546739252738035,7.617836785170981
2001-05-22,-8.582846052759724,16.34523889848332,4.428995584723112,9.02703797759681
2001-05-23,-7.676459534465716,16.32693983300683,4.920102747875027,8.91752226660269
2001-05-24,-8.618899839042351,17.712769740312915,4.198561852418938,8.68318268716736
2001-05-25,-8.100010084205616,17.591992623081453,5.898788856044227,6.935424697411898
2001-05-26,-10.022070259961364,18.21998037966325,5.880534324245977,6.502763865090757
2001-05-27,-9.649253561877222,18.05238913136565,5.838154276408452,6.643951494230492
2001-05-28,-8.306141399840657,18.059849578680648,4.9424491576255605,6.408679029274283
2001-05-29,-7.641932970730349,17.5834443102769,5.713784422773585,6.8439649288363205
2001-05-30,-8.659466914149908,18.47402747680562,5.213739022609468,7.0035765968172194
2001-05-31,-9.061103046981655,18.29058155550186,6.5156682654954965,6.6514305300694385
2001-06-01,-9.220556689774106,19.331581605558473,6.34269953814309,8.659619099603734
2001-06-02,-10.2549383623258,19.59323355337818,5.075119257921937,7.95970476283297
2001-06-03,-12.019509848124873,17.158925001489393,5.7987362491884396,7.36522751312899
2001-06-04,-11.617810846852478,16.743235605494615,6.855641949766267,7.759413560415963
2001-06-05,-13.404944238140617,17.990580621680103,4.761732476813387,7.745415081223665
2001-06-06,-13.489879800811838,16.82680864590123,4.971820814198246,9.271061712474188
2001-06-07,-12.892858693441836,17.45074537683265,6.157489212360634,9.972835863185146
2001-06-08,-12.358667537177958,15.672448440049248,4.140213747519242,10.842397120815676
2001-06-09,-10.868097875173538,16.31220643535636,3.5877011235457013,8.554120198676735
2001-06-10,-10.427706821002525,16.32331365489487,3.7096160580180833,7.87938579473415
2001-06-11,-11.509090786444649,16.990868895783148,3.101516290007857,8.266771663467395
2001-06-12,-11.429050590329583,16.168381002329422,2.025121532822102,8.87455157362673
2001-06-13,-13.031714601271236,16.265547599776525,2.8583681126505653,9.038787993005217
2001-06-14,-13.019189421865761,15.792481322205337,3.76517406907043,7.132805780764196
2001-06-15,-10.932210433893284,16.830150551950712,4.143511309178308,6.45598497199553
2001-06-16,-10.068675825005602,16.82840620735585,4.800613629000813,4.343124001451409
2001-06-17,-10.532239758724273,16.667676657447327,5.068455535870195,2.5687996306943996
2001-06-18,-11.08965559776335,16.090529284335087,5.190427759965749,0.6630643857670491
2001-06-19,-11.746496746686459,17.13660077177999,2.9204258643532173,0.17261456103638467
2001-06-20,-11.363272450089319,16.878723121426482,4.013342472207811,1.019449516620788
2001-06-21,-11.977107545669051,16.61028120251386,2.4462375719296543,1.3168342332515848
2001-06-22,-10.762115371672195,17.54722321544703,3.3255564850172528,1.4597577094254541
2001-06-23,-10.657489980009792,16.146480924741788,2.8406499394867115,2.0945835801631505
2001-06-24,-9.785442253596516,17.631426086409547,2.3381569846830583,2.9025066372952963
2001-06-25,-10.800182633417725,17.32164307686852,1.5022625742744204,2.164886904110422
2001-06-26,-10.407302160939993,18.855672911268805,0.8705136979063914,1.2186053497396716
2001-06-27,-10.744255319719779,18.512825882383737,0.8252142128778891,-0.38094123577794226
2001-06-28,-11.138806495715043,17.580578886314015,1.0460881221266165,-2.5786760240401287
2001-06-29,-13.111143113235329,17.308109105949388,2.1368732810910336,-2.3091380473278336
2001-06-30,-14.794410694774024,14.551872294574041,3.184220667124764,-1.9003919714053936
2001-07-01,-15.794329525438847,14.309475172260791,4.9451215839929485,-2.3656183749348734
2001-07-02,-16.710676225086946,14.040185906753528,5.82012125514246,-1.4744617884394593
2001-07-03,-15.97351740052939,16.729234737665273,4.701637242036797,-1.2114228935094022
2001-07-04,-15.581836567366512,16.26161767101727,3.026724584469008,-1.5711122589633093
2001-07-05,-14.857345959696609,15.233631068306348,3.015684063820089,-1.3409566711442593
2001-07-06,-15.891797134455127,14.424381755012783,3.735835072400581,0.5133798902295774
2001-07-07,-15.292214782741727,14.60403381944803,5.2499350435476115,0.9615991881206877
2001-07-08,-16.2872004291723,14.221581122247315,6.093820651544535,0.5105287523599322
2001-07-09,-15.125816355388867,13.85483882059182,5.791486458568928,-0.567676394667288
2001-07-10,-15.468620805399873,14.70405918791363,5.9812967561301535,-0.332819216467927
2001-07-11,-18.010099895255173,14.822319445065814,5.604973179050574,-1.5953383749506296
2001-07-12,-18.483321624090003,15.376597120115438,5.16568493874615,-1.0094115957977638
2001-07-13,-17.82345543806964,16.735187973072478,5.357125876269706,-1.3397016141646882
2001-07-14,-19.2133934941706,16.730595828264256,4.552371263259527,-0.7704225271410043
2001-07-15,-19.572222594088025,17.846255263058076,3.8802971319019175,0.041815448694435764
2001-07-16,-21.083561449572613,16.260335603290414,4.109811838736748,-1.4920548453120965
2001-07-17,-21.179161034448413,17.33432380486233,5.70876148246297,-0.7345294250856031
2001-07-18,-21.28500434510188,16.91368576225165,6.372867017646779,-1.3734521785086065
2001-07-19,-21.581014551587064,17.456187416283335,6.76138367876494,-1.2831160024762316
2001-07-20,-23.74129516278734,15.961914495490449,5.164346281479924,-0.3343000535554136
2001-07-21,-24.758531690501183,15.837528913096147,6.709318049109934,1.4736293846790742
2001-07-22,-25.887384545334843,16.089781132758198,5.172484188482779,0.8358886324286211
2001-07-23,-27.644776427508877,15.576076303045662,5.005822305415339,-0.9497174922956616
2001-07-24,-26.215541900601742,14.97229606570804,5.973748459558816,0.02522914240558294
2001-07-25,-24.833588934032694,13.488273344091365,4.406093155856446,1.9618127208249994
2001-07-26,-24.022123508273484,13.058799184606523,4.72482443243621,2.3504876008786844
2001-07-27,-22.706337328075538,11.301492746620513,4.282205071871816,3.4790597950358215
2001-07-28,-22.62951623333316,10.107478677190251,5.644452455717509,2.831807678177332
2001-07-29,-22.285150089753603,10.070206761194127,4.395595950407129,2.5948180512156975
2001-07-30,-21.75391147815265,11.036493239344582,7.561788186424298,4.9925552381503895
2001-07-31,-22.909818128850564,12.495479361867321,6.85386779813638,3.839082617353929
2001-08-01,-23.31224542630649,12.829373690137638,7.196931038592901,3.7808399525512697
2001-08-02,-22.799431180974658,13.049115951110029,6.925556333254666,5.413680275818718
2001-08-03,-22.21569458795924,14.343752558533867,6.039626210475618,5.417414360413863
2001-08-04,-23.14125932189686,13.495861448514356,6.433183985109874,3.736016883152585
2001-08-05,-24.832525621783844,13.251832112364024,5.896086392172988,3.281605010633963
2001-08-06,-26.323654260807245,12.801275037157657,5.951658422974998,3.477530441584023
2001-08-07,-25.502559936362303,12.523239163757163,5.683964949641614,4.46870883245908
2001-08-08,-25.37129437595112,11.251720317528385,5.4049241807272566,4.1225523440146485
2001-08-09,-26.431699840118622,10.533107985222133,5.0746714762710425,5.013176212361216
2001-08-10,-26.495110976809983,10.543326983376922,4.83963755446786,5.157997788347794
2001-08-11,-25.833436192443358,10.865320459869444,4.025391267578716,5.128465337947199
2001-08-12,-26.580935111953213,10.936007725240998,3.0052426136934067,5.218826359081814
2001-08-13,-26.28710299897044,12.351111358645516,1.0023371298478683,5.44525850026873
2001-08-14,-28.708711018253336,11.118995906747092,0.6056188415302199,5.219560909130411
2001-08-15,-28.426277916220492,11.597821800247957,-0.08085533146434165,5.579235120624551
2001-08-16,-28.988761394719845,11.617477580854517,1.2703707127557313,3.7693765791613503
2001-08-17,-29.188137698970028,13.21476875908901,0.8965828411433877,3.3101354423768234
2001-08-18,-29.24913540597448,13.661738822802116,0.06357862416971816,3.247097647398669
2001-08-19,-30.168547607635006,14.315531122277081,0.4663191870173631,4.0761890658812545
2001-08-20,-29.279648620670812,13.97461848018506,0.9449419579358997,3.4903029630220876
2001-08-21,-31.080012894005442,13.49068118377991,2.0372596678243102,3.392718168269307
2001-08-22,-31.260161414248522,12.46051688559928,0.9432665916046157,3.751187850182601
2001-08-23,-32.54817050656597,13.075565783807228,0.6975599008587848,4.129098056996094
2001-08-24,-31.44834423287963,12.940695907916504,0.7863399836304169,3.7953668493434494
2001-08-25,-30.548574435945266,13.767313444740383,1.9225420533176059,5.151089278194316
2001-08-26,-31.109222988787575,13.544116921424367,2.06778003744062,4.634136556615195
2001-08-27,-29.629722474923415,12.16235888598215,1.7522091940647078,6.929262917391302
2001-08-28,-29.001504987279187,12.84973453128486,1.6870164055426247,5.688954546359353
2001-08-29,-29.071052800490172,12.664247352696755,1.2193885853835449,7.476005990013496
2001-08-30,-28.888431448087772,10.994144150250698,1.8929451651178584,8.06564914457109
2001-08-31,-29.78799425927035,8.58742146711369,1.9064904700809358,7.763561823428104
2001-09-01,-29.18715339313286,8.500791039762642,2.4806277624044473,5.8770105623406295
2001-09-02,-28.724576422077433,9.117917578818396,2.4910325176472705,5.544396787904492
2001-09-03,-29.72054718062767,9.33124364998564,3.8730918326306787,4.530309391858895
2001-09-04,-29.295338876046007,9.289921228171849,5.860990070953559,3.827103407625988
2001-09-05,-29.996901190165186,10.701275408724092,5.254420334735296,1.9557924758901848
2001-09-06,-28.386604868281054,10.396491144595736,5.771616176434054,1.5571381474854922
2001-09-07,-30.247756609870763,10.298697260476434,5.725660405538745,0.6164527045237664
2001-09-08,-28.661305152128868,12.544336449612786,4.602019398538209,0.30377864831929796
2001-09-09,-30.04226035889379,12.035170891672596,4.934129779341668,0.9726614984994135
2001-09-10,-29.123431932648714,11.272903286535172,4.394960830168639,-0.25385153044603714
2001-09-11,-29.782387230000417,10.22350342576336,5.117276697090601,-0.7144490312422558
2001-09-12,-31.711328775545326,9.87822230164329,4.4904878025662285,-0.6275423643940014
2001-09-13,-31.246924220589573,9.040703785549987,5.079204914154836,0.5489920155500309
2001-09-14,-31.211390432366418,8.413067042872644,5.772765330315908,-0.3076083016926313
2001-09-15,-29.296311458196072,7.461300029593951,6.356856892776172,0.43627297902765794
2001-09-16,-29.612628101524827,5.968417173598064,6.563187949507477,-0.7172053406158293
2001-09-17,-30.450249070222032,4.8010923166102515,6.802990272823028,-2.3104641394707808
2001-09-18,-30.591824938182352,3.92593817141434,6.249405078518419,-3.148310596764362
2001-09-19,-28.999318124354257,4.048986360602812,6.188457229991191,-4.572816817926626
2001-09-20,-28.20275032355767,5.822030815690074,5.4422373506790755,-4.533372116459352
2001-09-21,-26.161297085886883,7.693861334504429,5.61333215383797,-5.26382482651695
2001-09-22,-24.76497826753876,7.412751865902998,5.651641437645934,-7.0614505920659045
2001-09-23,-25.31428536184727,7.564960450725357,6.237597585266062,-5.905665256771953
2001-09-24,-23.379216267354995,5.7060966889345694,5.379443345119799,-5.825077542526508
2001-09-25,-23.16699691843895,4.936027086745112,3.8216396919840614,-6.439503212338452
2001-09-26,-22.953933417160453,5.733898044078938,4.542454363596502,-6.472961846020155
2001-09-27,-21.263356374965095,5.573007777745785,3.071523373734739,-5.637485120374287
2001-09-28,-22.165720071314592,3.937094644518485,3.364566734569231,-6.099247910657789
2001-09-29,-20.802118662497165,4.066865348018094,3.2983350531907787,-5.14208808614754
2001-09-30,-21.44368051493357,4.685506967698249,2.578809052263437,-5.017130192384217
2001-10-01,-20.304790438882236,4.611121839042401,3.8697163607848415,-5.021160963705854
2001-10-02,-21.750897979830683,5.877507907196316,3.374493134251005,-5.41073910458007
2001-10-03,-20.84605860872782,6.882132533504931,3.8067867766224714,-4.483975079406533
2001-10-04,-20.74456124350228,5.644436335711289,4.364368490999472,-4.305008273569641
2001-10-05,-22.658504994816763,6.676861536456159,5.136647665109391,-4.4754649988219475
2001-10-06,-23.389573530240227,8.585255450520005,4.442085367096462,-3.910666603994553
2001-10-07,-23.377029312273564,9.673622023487294,4.82284714520928,-4.017640562375827
2001-10-08,-23.386950120017264,8.547699821948699,6.001729260753429,-2.42116016506323
2001-10-09,-21.574945086519108,6.9778441573730206,6.3291769973889425,-2.3648035969483514
2001-10-10,-20.29290322189036,7.257458668540408,5.181939633417879,-2.003906250253447
2001-10-11,-18.644128660226517,7.063874025854495,4.901712327399516,-2.6734390732190705
2001-10-12,-19.224250465513922,7.841973850480231,5.321441982382555,-1.7608584293733685
2001-10-13,-19.254289458949668,7.299680030561905,5.090884648018932,-2.3131641212417833
2001-10-14,-19.166972277381316,7.167218524145547,5.422189459957355,-2.4966344820102386
2001-10-15,-18.41512704373063,8.067105897176369,3.3145718505445223,-2.2118861462422545
2001-10-16,-18.45687962436432,7.242727379093752,2.065913130600728,-1.7704719186607314
2001-10-17,-16.837543460137457,7.75115893254547,3.6415735023911173,-0.3649246623293019
2001-10-18,-16.107018761765424,7.311795056096446,4.429332853097355,0.5910010174249577
2001-10-19,-15.18975679039602,9.842626962553664,3.650651352806765,0.5876780716923099
2001-10-20,-15.137026506972912,9.282915514550124,3.783903761411221,0.012293866090810068
2001-10-21,-15.490108121634677,10.487211728275291,4.7611590002299895,-1.455272420645661
2001-10-22,-15.18953603485625,12.196213647519286,3.4522544919896587,-1.1982788164062366
2001-10-23,-15.561915547287068,12.270045341712255,4.537220368425439,-1.2287805740754356
2001-10-24,-17.515223903395928,11.43556406488171,5.1868343290974925,-0.9295453056185026
2001-10-25,-19.447083545062537,11.775457197154147,5.37263388999053,-2.0662938919757328
2001-10-26,-19.02719334250101,11.389041045310947,4.272610647531716,-1.5740316643959165
2001-10-27,-17.466891229626288,11.78691898456638,3.47653234869916,-2.638099194136627
2001-10-28,-16.359536060615387,11.736518854367333,1.5112953961197317,-4.2897815383098745
2001-10-29,-14.892066900743353,11.700921011161958,1.1485661449485336,-4.595495020961428
2001-10-30,-15.506172446414169,11.529554844955213,2.6970283726466873,-5.438157072837335
2001-10-31,-15.34677216633155,12.427697517009959,2.413968342417686,-6.340190218938991
2001-11-01,-14.300396448914467,13.000467050770977,4.638231898864346,-6.989205572450143
2001-11-02,-15.464026256095005,13.609972954967365,4.359269784299233,-7.638547478468411
2001-11-03,-14.938358636366873,15.44127876796345,4.7345538724829135,-7.346239875023002
2001-11-04,-13.786373728173684,14.012587433285823,5.548482461378793,-10.130768768531947
2001-11-05,-12.9865932247156,14.533564022538595,4.203011761642337,-9.125325462012109
2001-11-06,-12.645635748183977,14.555712209429634,4.2891510473530525,-9.520984760844904
2001-11-07,-13.473780582006935,15.484214736834112,4.681033305672098,-8.53245005087519
2001-11-08,-14.386060292350978,15.098353255999964,5.601262133188362,-7.193141821096313
2001-11-09,-13.68397508966103,14.23757267535391,6.566157610496776,-5.7756524040797155
2001-11-10,-14.675374469167343,14.79856506256028,6.694006921494987,-5.273473897693867
2001-11-11,-13.18083389055264,14.531472542541943,6.213995532103861,-3.3781578576628752
2001-11-12,-12.159355489792034,15.022337331617523,7.37364485491716,-4.235244943731688
2001-11-13,-12.812539436486224,13.751293104732467,7.072744097112073,-5.822545108671338
2001-11-14,-12.818583952154748,13.73230083721988,6.374726276998895,-7.579627710670362
2001-11-15,-13.57618146291453,15.697132782251483,5.536039946827991,-8.13886422157222
2001-11-16,-12.57087460695248,15.861240282238205,5.87647324945949,-8.97352657902169
2001-11-17,-11.48181439078386,16.590358480921736,7.094249740383405,-9.543854966223735
2001-11-18,-10.510577557848798,14.482618512957865,8.631336173170927,-8.495376614742668
2001-11-19,-11.613354038478237,15.645162272625672,7.585615135883261,-8.08563224473683
2001-11-20,-12.264364609546586,15.523927772531936,7.270116305428004,-8.690315930041633
2001-11-21,-12.376764673389053,15.401835615329995,7.232420321462863,-9.81283903854498
2001-11-22,-11.290563342713636,16.354387699932474,8.818445086869938,-10.38630169130133
2001-11-23,-12.398763179237342,17.194785470352336,11.58602303686051,-12.807777751636214
2001-11-24,-12.837837079121357,17.47470094106231,11.419922932790598,-12.962139192577895
2001-11-25,-11.556791573203832,19.37235913388496,10.518174324567081,-12.652943712516281
2001-11-26,-11.081133612802152,18.234219083564998,10.43611409843639,-13.842246170293087
2001-11-27,-10.942445667100083,19.107200047761015,10.9002354773603,-14.244845587053815
2001-11-28,-9.718909685707127,18.44760502247714,10.644807779909277,-15.72742958426523
2001-11-29,-11.197042363111226,18.639090954482423,12.41427067083578,-16.113185279624066
2001-11-30,-11.891432089549273,19.526057884381665,11.174536109244775,-15.681915677826035
2001-12-01,-11.867161114936135,19.878193814675743,11.808586480802,-13.846555512248065
2001-12-02,-13.541461020837037,20.473224779794055,11.78818770204035,-13.793925610605756
2001-12-03,-13.799935743113501,19.66095215324477,11.405086650615996,-13.376650040983266
2001-12-04,-15.81360836767991,18.758992537952135,11.685413733260518,-13.999283227509196
2001-12-05,-14.380893443642222,21.22620599478448,11.585895989106204,-12.433826095136602
2001-12-06,-15.724665182132133,21.636661763017624,11.236642742277281,-10.691929393446767
2001-12-07,-14.509815461630138,20.89430990382494,10.762032466561145,-11.16456656463919
2001-12-08,-14.527722889460595,21.59830954310929,9.420511226945926,-10.65676523767813
2001-12-09,-15.67747890230067,21.77631531889127,9.095216048694347,-12.780309095056783
2001-12-10,-17.417290712195935,23.03540541156945,10.062007285522549,-11.458199131050716
2001-12-11,-16.85025084786785,23.699032852623283,10.395664991476194,-11.411348745116264
2001-12-12,-18.04580880692608,25.20424726780551,8.965590435328014,-10.717543770462715
2001-12-13,-17.16352739567157,25.8911987361802,8.981310894529667,-10.683096542620667
2001-12-14,-16.226287586248958,26.883769807547566,9.549214625436289,-9.773282197359762
2001-12-15,-16.758141357600678,27.454494478543786,9.316460385000472,-11.683852030712707
2001-12-16,-16.005414622561286,26.872494839663215,10.651808602294295,-12.240333885975492
2001-12-17,-16.980131235051605,27.252635654332916,10.434746457884152,-11.197656176046259
2001-12-18,-15.714160743728344,26.839399593751164,9.973286901233982,-11.146879584301223
2001-12-19,-14.140893376308549,27.16901176350875,9.39202954598365,-9.860414429788019
2001-12-20,-13.979607781265459,27.7951311071388,8.548260282289242,-11.361311278441155
2001-12-21,-14.50396775708718,28.16555757915861,9.30600095061075,-10.420866413843886
2001-12-22,-13.113030696328936,26.522123650577694,10.05798906143934,-11.864611844765774
2001-12-23,-15.105929507739987,27.75080987836457,12.098686840139514,-13.694588206922264
2001-12-24,-14.564590835330108,26.878124179301583,12.544154472051058,-13.926933550824819
2001-12-25,-14.072123845452404,26.792204260585237,13.14414701234985,-12.39249036940186
2001-12-26,-14.027803904337947,26.387673344424872,12.4826518505197,-12.486836392718889
2001-12-27,-15.818638584974874,26.46148174062337,11.409828093330924,-13.520709767731761
2001-12-28,-16.625180158724785,24.808292589385257,11.689579458089979,-13.047028860673066
2001-12-29,-16.420105762530337,24.62533390505243,12.264074404532145,-13.4685975498858
2001-12-30,-16.604754822456343,26.28731002368046,13.311885112026545,-12.910487069566901
2001-12-31,-15.637672311964662,26.85316002903353,11.849620151172221,-12.293739446985688
2002-01-01,-14.41176130910456,27.26109693415238,12.773345455571809,-12.398712906081848
2002-01-02,-13.749281308052588,27.16502063958262,13.548067230134137,-15.964814077927821
2002-01-03,-14.812864335938233,28.742353813229865,15.194798674873798,-17.60881106543827
2002-01-04,-14.109821295288535,27.19355779507096,16.281812231863114,-16.230189066689157
2002-01-05,-12.054437106762455,26.288299169740245,15.831364613156454,-16.289360780618782
2002-01-06,-12.906661226420136,24.842891085693644,14.998416591726949,-16.524535463076372
2002-01-07,-14.100722134630537,22.37481471568885,15.299799879022705,-16.806625255853177
2002-01-08,-13.158036701139558,22.032369003730516,15.707424583895525,-16.53402174954626
2002-01-09,-13.288021117221213,21.920163638510438,15.849217395800244,-17.069262893015026
2002-01-10,-13.427509182994312,21.55079546898113,14.397139231979223,-17.39594436281079
2002-01-11,-12.675259840942767,21.797914299531183,13.977291030896787,-17.89244205594464
2002-01-12,-12.357089861422988,22.47185378197809,14.856062293835766,-19.072845867512086
2002-01-13,-13.695473320040435,24.278692729991793,13.936333965384902,-18.731370688365804
2002-01-14,-14.782634107315682,22.189414246794964,14.209596490469156,-18.101440038119804
2002-01-15,-16.296809183742567,23.74562532561115,15.257908265684257,-19.670314399084166
2002-01-16,-16.232985878789613,24.54067363836163,15.393244366038344,-20.412444694253164
2002-01-17,-16.705230711298352,25.283666750948193,14.174195465425012,-21.422363854153033
2002-01-18,-18.07551749141513,26.96417672098853,16.236707071175726,-22.641640590634815
2002-01-19,-19.71491167132704,27.813823555000397,15.307234507501358,-22.74891761378367
2002-01-20,-19.001612852299875,28.547704079613215,15.104095394277072,-23.767448111552845
2002-01-21,-18.738555610108158,26.88670613833449,14.57165918541328,-21.90697700836454
2002-01-22,-18.8380060881104,26.336873734733025,15.79931261173762,-21.611434813554595
2002-01-23,-18.75805785732231,26.22129554775923,15.725151748977934,-21.147974316226644
2002-01-24,-18.608349742721497,25.987448019894277,16.14867849855773,-21.633668275865986
2002-01-25,-17.697735804096656,25.87910714931922,16.056752997160665,-23.744146514707598
2002-01-26,-18.878884248498576,26.019677665702005,15.838245678393747,-22.09106133010627
2002-01-27,-19.712256620022124,26.548039596589224,15.51090343650171,-22.285257940159138
2002-01-28,-22.21411540834437,27.05511768962118,16.70352908503658,-24.483667032088835
2002-01-29,-21.915754366308573,26.67837171422664,17.37564973591683,-23.897883243913398
2002-01-30,-19.642813124328505,27.23560452311431,17.953539440240863,-25.884838683624828
2002-01-31,-20.079989164115847,28.63248274257873,18.360237262531072,-26.332180940606435
2002-02-01,-20.28106007799446,29.351905048349217,19.601977736037963,-25.228438091183673
2002-02-02,-20.961619381748996,30.730532151786186,19.27552618204292,-24.322000725500875
2002-02-03,-19.116107599465344,33.14437875480534,20.153547398455814,-25.155960193774533
2002-02-04,-18.85958918368732,33.97302178967001,19.408296584456238,-24.270281429579928
2002-02-05,-19.982460687969798,36.538012202272974,18.09183062694421,-23.500522257479066
2002-02-06,-20.133248378022067,35.894747822372956,17.436300156122527,-25.526142248791274
2002-02-07,-20.941779702183986,36.054245879699636,15.48731393162065,-24.28360702068478
2002-02-08,-21.52108682214767,35.88514916267078,15.629760381288666,-24.161596999822095
2002-02-09,-20.09752949837497,34.96362219164243,16.781603623656007,-23.554615923374776
2002-02-10,-20.42720837982727,37.073141253468705,15.602350908583775,-22.123359903708778
2002-02-11,-19.62526140028164,36.17079230688019,14.695357505934137,-21.57381875534546
2002-02-12,-18.906985145508102,37.32650344694584,15.987077299273619,-21.053959986085054
2002-02-13,-19.49974886360526,38.3720417650723,16.30217329579548,-22.05205476163684
2002-02-14,-20.6234391230275,36.20715559442599,15.116697183109682,-21.88561848486797
2002-02-15,-21.303706490297383,35.55223926243719,16.56852334069502,-19.808600257107265
2002-02-16,-21.548300505031445,35.673231274329964,15.412291139601965,-21.42441641310081
2002-02-17,-19.472341792532873,35.80423984343547,16.193951802383797,-20.840684149559273
2002-02-18,-21.223271660782178,35.83573433887795,17.1907122123956,-20.833395906150038
2002-02-19,-19.840926651162167,36.095957721720445,19.22428798944029,-21.87833241950644
2002-02-20,-20.046966594069843,35.35926822746831,18.01280968797712,-23.302449162131627
2002-02-21,-18.318451711382345,34.48495709667908,19.2838172229311,-23.2487119460662
2002-02-22,-19.095693302485525,34.774390318114776,18.704490623408187,-24.103177702017526
2002-02-23,-21.144978680985147,33.920058509110596,18.1793012170872,-24.621235073365572
2002-02-24,-20.97190778027917,35.56716363012454,18.250452998954472,-24.26599046872659
2002-02-25,-20.458100794735007,36.08777226431271,19.4861427871653,-24.63616651042708
2002-02-26,-19.79640441814314,35.85529283470978,17.70774450381303,-24.34069869920482
2002-02-27,-20.088978759860968,36.33782846021663,18.093536998834455,-22.91774170242228
2002-02-28,-21.42020805459516,36.39319605190344,18.18826225182342,-24.5398560299759
2002-03-01,-21.80719506331858,35.87258990537275,16.821366555852144,-23.690150555495983
2002-03-02,-22.20267557980982,36.07122408177018,14.826231157603731,-23.63089314027723
2002-03-03,-22.328280951997414,35.87138772282185,14.586939906917552,-24.563497232593956
2002-03-04,-23.047771343524474,35.96575930595251,15.599061181742096,-24.76549003535391
2002-03-05,-21.50442002533791,38.114022599299744,17.51336444841869,-23.35842651093201
2002-03-06,-22.714913613229587,36.570421899501085,17.056403168824044,-22.56989408069565
2002-03-07,-21.399636383046413,36.0047860778915,17.563032112210823,-21.969390643008985
2002-03-08,-22.036161112236446,36.27407995123714,16.504477643955664,-21.389735691006763
2002-03-09,-22.697164735560996,36.29224212755214,16.61108334036299,-20.934720865149437
2002-03-10,-21.84722399547831,36.87308140871645,17.67783463430158,-20.64537652240839
2002-03-11,-23.23669022759543,38.05908138433212,18.042641599612548,-20.58387680074129
2002-03-12,-23.61815767295511,39.61721731600894,17.968920821968222,-20.075092375714622
2002-03-13,-24.473336592882998,38.650503757276525,18.481684419234,-21.290073794945194
2002-03-14,-23.526272066864667,37.3153565235171,16.52836258589507,-19.894922468628273
2002-03-15,-23.16045870351055,37.57927631023544,17.60748511958077,-18.94996142330036
2002-03-16,-23.818089920648063,37.40642997383314,18.15479045998438,-18.263982941933335
2002-03-17,-23.1117043833726,38.74574728886052,17.760881215171832,-18.73437926829295
2002-03-18,-23.457139326394486,38.41351074951593,16.683683258300285,-19.374185549417593
2002-03-19,-23.242288648100534,35.91741968694341,17.94972790648207,-19.592373065985196
2002-03-20,-24.664345775810318,35.59161622523398,18.58871114945064,-18.265814122718876
2002-03-21,-23.94092311347128,34.589789893964785,18.415672397664885,-19.539235395255837
2002-03-22,-23.224305734186814,33.89023538203974,17.530999122809963,-19.901798596533418
2002-03-23,-22.148741324107505,32.459962354829734,17.333542694747536,-21.176457515899763
2002-03-24,-20.84662231924021,31.84124909907443,16.517926670889576,-21.769247724105586
2002-03-25,-21.727007213188973,30.669168382555313,15.678551006637134,-22.25879764718903
2002-03-26,-23.45923880654175,31.13993097388981,15.8771016985072,-23.36345646993534
2002-03-27,-22.54460531039732,31.90607152076109,16.577556520308885,-22.652846181229524
2002-03-28,-22.787812472356688,32.49325867887165,16.57071653199395,-23.574001551023496
2002-03-29,-22.59714914911154,32.65094404036729,16.858451494749396,-23.147019779906692
2002-03-30,-23.948522992166744,33.14969869196486,16.77229039770641,-22.605922948019995
2002-03-31,-23.013847223461312,32.8497754211426,16.601030805971927,-23.32749499996069
2002-04-01,-23.065248680537504,33.04179027478464,16.339194341924983,-25.191333235645295
2002-04-02,-24.730102382630182,31.08556890187681,16.405378274471204,-26.277943042649806
2002-04-03,-24.010978919416917,32.65519428382126,17.127687253870715,-25.58331337645401
2002-04-04,-23.54422243706156,32.13231137768578,17.76231604684544,-24.578987745064172
2002-04-05,-24.122534491900904,32.32341687140066,19.610895287158346,-25.535986958603548
2002-04-06,-24.708864811511674,33.68395504806697,18.147675178099753,-26.339012958753
2002-04-07,-24.212104530204478,33.419489690481186,16.87042119451916,-25.067883896123895
2002-04-08,-23.00932329161319,33.81114782057613,16.580848682539237,-25.688062913597506
2002-04-09,-23.062583945093795,34.00051087262665,17.06998385609509,-25.611942595289104
2002-04-10,-25.400900873312995,34.35731424108809,16.229971642619198,-25.147824518384084
2002-04-11,-25.561568829796972,34.44129970886575,16.97386646462923,-23.93121798890941
2002-04-12,-25.755402628108016,34.766312063021445,18.279676814307738,-23.30782530747088
2002-04-13,-24.78356825835967,35.285228165138044,18.013240462944392,-24.816718692866946
2002-04-14,-24.73513823688926,32.60307824782028,16.2117654289356,-26.891561980621873
2002-04-15,-24.532807957849474,31.469849954370595,15.480205174705661,-26.78204435706114
2002-04-16,-24.012595357114847,29.55425186817439,15.690590472211868,-28.40763696508476
2002-04-17,-24.48817082252849,27.87586465030505,13.115565441945659,-27.285627217611463
2002-04-18,-24.63417112529714,27.34038700604996,12.291416875776667,-26.257222078212454
2002-04-19,-23.776272753325276,27.47197893161748,11.707283404622013,-24.88614573404
2002-04-20,-24.34754747626616,26.3705958345476,11.243894836206406,-25.34251035537553
2002-04-21,-23.25882347216629,25.720158321295155,10.485908980653615,-26.70009322227526
2002-04-22,-22.25880976452053,25.883182360211894,10.160068768176954,-27.117403503249577
2002-04-23,-23.220184191584146,24.472003065492913,11.926723462481082,-24.361178952208277
2002-04-24,-21.54671281752876,23.777885460528754,12.498312953019786,-24.648017130751622
2002-04-25,-19.19846623054114,23.94290538322551,9.659756312401022,-24.95023228489387
2002-04-26,-20.121717822609046,23.917187392850547,9.535198555672032,-24.891132290804396
2002-04-27,-19.5068343962558,24.275364054326843,9.214529550306837,-24.72350986411704
2002-04-28,-20.277146710061473,25.66863058922439,8.861838677097982,-24.824553136535563
2002-04-29,-22.32609805875495,24.654060494318895,10.578085611069703,-24.254644778887403
2002-04-30,-21.97036685948049,23.812112660012566,9.437013961913632,-23.50722448985704
2002-05-01,-21.45456122647019,22.98499502076664,11.035000134858436,-23.997442610664205
2002-05-02,-23.411562038734022,23.209085329126783,11.278944717486949,-24.182455394658867
2002-05-03,-24.002807511081222,23.81351426661274,8.767066718849033,-25.34038854427255
2002-05-04,-25.371342277158146,24.42006671944019,7.352893472307524,-24.749341169694688
2002-05-05,-26.154030007599832,25.24238278898495,6.22886497780113,-25.3111031180255
2002-05-06,-25.24538846380848,26.238859965417813,5.836794496392813,-24.715653115140064
2002-05-07,-25.90744001926952,25.695475429637117,5.6825812660701605,-26.6670099372738
2002-05-08,-25.954286050169348,24.70448578653421,5.627037360346476,-27.41074958832664
2002-05-09,-24.694315942997825,25.77274758846388,5.881122113948086,-27.67039150048596
2002-05-10,-24.94206681486421,25.496237838008124,5.403589759850883,-26.872408347131962
2002-05-11,-25.285503878969173,25.702575085529936,6.99317740377802,-28.23193033174866
2002-05-12,-24.619801785415753,24.281904564803614,7.818075073992553,-26.754257307370196
2002-05-13,-24.975258697465502,24.978513629906953,7.511964474464515,-26.26335147687202
2002-05-14,-23.432395765311227,24.632361696589527,7.352921489282422,-25.535459834619274
2002-05-15,-22.209212342496226,26.360137056067742,8.343939468501048,-26.05122586380406
2002-05-16,-22.332722820861424,26.854336578820533,9.146622705279931,-26.549117731601875
2002-05-17,-21.79621687135014,26.41393166893261,8.317401173977558,-26.496740246310797
2002-05-18,-22.012080497634887,25.359912011954332,7.538845900697554,-27.532203234078228
2002-05-19,-22.86075763893369,23.62962862434884,7.641689320958014,-28.675042000964186
2002-05-20,-24.15051065259939,23.124232485139395,8.59497946609626,-28.97267808824371
2002-05-21,-24.3345332013918,23.2575172247054,8.88667374230572,-28.864645990521325
2002-05-22,-24.01093008709896,22.93388549980888,8.330657273613665,-27.822085952377943
2002-05-23,-25.602000205911988,23.70070868775312,8.142326443740943,-28.087703314732885
2002-05-24,-26.278804216211345,23.845606023897744,9.14420664369069,-29.675278998152812
2002-05-25,-27.03444125079683,23.154530798016715,8.087461693351639,-29.764386431496256
2002-05-26,-26.794872241706184,22.1065329140474,7.422338660111295,-30.69373562641145
2002-05-27,-26.68492936899646,21.656385411898718,5.789273080272531,-31.475907605999122
2002-05-28,-26.35407285425921,21.96787826088612,5.110453074325276,-31.718589811841003
2002-05-29,-26.56514909645134,21.367910364433026,5.88626449289376,-30.770643992309445
2002-05-30,-26.53453306048199,23.13247701318352,6.467677368141756,-31.495181534170303
2002-05-31,-26.97937814599618,23.128751169494066,5.6758909776774225,-30.484368815866944
2002-06-01,-26.78309242223412,21.359430304695113,6.745979845148258,-30.923113158719286
2002-06-02,-27.237473499789566,20.60345547422256,8.014203620615778,-28.8611950114401
2002-06-03,-26.54919941628297,21.42838100252794,8.975378986788082,-29.593500790589864
2002-06-04,-26.627030055194346,22.14389629766301,7.681833586891362,-29.95662481585824
2002-06-05,-26.974361571025245,22.08574498592451,9.07583685693905,-29.298186328013013
2002-06-06,-26.452768479089748,21.67346901839875,9.295516856893665,-29.613434982972876
2002-06-07,-26.66914262699081,22.456434507353915,8.661960216594501,-28.817682858913532
2002-06-08,-28.261848312755433,22.44332671494884,7.132965078055918,-30.253363454029074
2002-06-09,-28.98218361257446,21.53231955776113,8.49127506223482,-30.300451919365674
2002-06-10,-30.654640397385112,21.39051876754596,9.246735413372834,-31.71091689294126
2002-06-11,-30.497958500687094,20.084870995120077,11.011143003101916,-31.472713193823733
2002-06-12,-30.261581963433013,18.96041178105813,10.70041005925329,-31.15327108417426
2002-06-13,-29.630868737181988,19.519461782483546,12.104736653409871,-30.21319025351718
2002-06-14,-29.745088326856777,18.59572714409096,12.22763256283866,-31.45070528279716
2002-06-15,-31.857595525258283,19.63828908447448,14.002514409534417,-31.59014528197787
2002-06-16,-33.71759938221892,18.44349301507651,14.799665646028785,-32.355207254227295
2002-06-17,-32.167527764841374,18.695688482926972,15.765173273400244,-30.784180615149243
2002-06-18,-31.141363690129392,18.366222551011706,15.038610555615135,-28.21591106854734
2002-06-19,-29.94559052124201,19.034587307559615,15.062059237467988,-27.905251136329532
2002-06-20,-31.105730603898717,19.41580603157077,14.230891422308403,-28.387881085900453
2002-06-21,-31.74502822232394,18.35379314918951,13.011645994528003,-28.312686577899967
2002-06-22,-31.808362009327602,17.050928519893652,11.192489086141308,-29.530089367652696
2002-06-23,-32.25020122390242,14.488560576011135,11.524714431805977,-30.499494127220427
2002-06-24,-31.03298894589152,12.189632042073818,9.22292331212279,-31.877631208127067
2002-06-25,-31.16521667252766,13.63014505459988,8.17658643724491,-32.3430291008012
2002-06-26,-31.092763318368917,14.617687971401663,9.21060470042884,-32.44496173970773
2002-06-27,-30.895349002176605,13.775060051518297,9.937151344269722,-31.959710402650444
2002-06-28,-29.178207775239777,14.783951012537669,9.834462692017674,-32.430772377305864
2002-06-29,-30.54110180367457,13.559929473566894,9.671666322997671,-31.891879512961875
2002-06-30,-29.401886763115588,13.167143568956082,9.227302218921972,-32.54118531705512
2002-07-01,-29.626177313247275,13.849769253910058,8.539761488105832,-32.84131220796195
2002-07-02,-29.767648756516248,12.55814227710607,8.727088503859445,-33.42422052111229
2002-07-03,-29.974963559762337,10.560328618248581,9.738310479864323,-35.18873832182333
2002-07-04,-30.584893009129246,10.871591994434654,8.008716643800353,-35.72466820592543
2002-07-05,-31.632316229980482,10.506151139379545,7.1129303636926595,-37.85501123821388
2002-07-06,-32.325240946531764,9.94621977267815,7.173947643009043,-38.93667632263975
2002-07-07,-32.129573414190304,8.562844484872699,7.393080138363015,-38.26116279094235
2002-07-08,-31.82830102887769,9.556513316627951,8.272626469733174,-37.52217754178162
2002-07-09,-31.391371389270198,8.344591177525253,7.505209361025691,-37.563134939310686
2002-07-10,-28.790327692609374,8.999323305602676,6.108275572593506,-36.38464121351829
2002-07-11,-28.718364248975362,8.572776410133024,6.218754258459897,-36.65965588394902
2002-07-12,-29.659045060784905,7.737819748394838,5.931834326029961,-36.892627251632995
2002-07-13,-30.694951978805822,7.74560919762754,4.646392929437764,-38.02080450715739
2002-07-14,-29.92202954879094,7.266052731767095,5.426834615827742,-37.839742265273856
2002-07-15,-30.445707802639937,5.804111409866086,6.046265740165847,-36.38928312590013
2002-07-16,-28.468150538895348,6.489648391598775,7.20366121929918,-37.671780474577716
2002-07-17,-28.135483389850126,5.2910995767719635,7.919080129771403,-36.08452009654328
2002-07-18,-28.97044347904115,5.0160754268519625,8.51151673439136,-35.52795563492514
2002-07-19,-28.939401232070814,4.66638230269006,6.823894321378017,-36.655613877389776
2002-07-20,-29.37988839630574,4.0642281776181335,6.078350498496658,-36.498556210440164
2002-07-21,-29.23478813280978,4.350984695733838,5.445123859811666,-36.62844243712321
2002-07-22,-28.422323724481362,4.3286591496786135,4.892500268675685,-36.39879920213502
2002-07-23,-28.372271782951252,4.794135957440341,3.691884262098453,-35.57788941301061
2002-07-24,-28.987461427716372,5.1366027054481345,3.9890800198043292,-37.034486036111616
2002-07-25,-29.64131423595368,5.787889183627664,3.600853662050945,-37.487587556610016
2002-07-26,-29.601053119811127,4.749350396184891,4.132635127187817,-38.20620549913587
2002-07-27,-32.17590111503925,5.136668792960732,4.763291632595382,-36.976184054943495
2002-07-28,-30.860137892148465,5.151391643867646,4.256905945194193,-37.96711328604032
2002-07-29,-30.520812237278736,4.626269590621765,5.06179887617648,-37.65827943707606
2002-07-30,-31.992270827614078,2.669609423034288,6.673674578759341,-37.67268993916062
2002-07-31,-30.798926391847953,2.6326902279447526,5.887512183658986,-36.68102027531819
2002-08-01,-31.027573294463252,3.929170874721609,6.069576931762692,-36.78342990695528
2002-08-02,-30.20627774562985,5.099660511984176,7.759374339655095,-37.099122576519854
2002-08-03,-30.36457163972088,3.501271007057688,6.599221206820692,-37.20352577870339
2002-08-04,-30.569437014397753,4.0522834796537115,5.333809598669489,-37.259325928694
2002-08-05,-31.533945664288506,5.148725696958882,4.428979312429933,-36.56934626339019
2002-08-06,-30.44588256828146,5.552660832704148,2.3363329274739963,-35.87759072350088
2002-08-07,-32.64848260527106,5.537459036986701,2.7732508684249195,-34.60451288109559
2002-08-08,-34.420649685534286,6.337712542644966,2.5742574769795388,-34.62415690190965
2002-08-09,-32.549725321449685,5.040435151964295,2.8223861249649227,-33.351069646959324
2002-08-10,-34.166168995634116,6.6873406599243275,3.1242109569634717,-33.73679775961045
2002-08-11,-33.21182266584568,7.831007528389755,2.9591235168403163,-33.699891850018815
2002-08-12,-33.227752340518144,8.267298035662588,4.2627439029318,-33.732868087583576
2002-08-13,-33.63833546252624,8.23901973085511,4.386759845048776,-34.09873075237164
2002-08-14,-34.436914371951715,8.056315239311358,4.564498690016813,-32.50477431960411
2002-08-15,-32.55022728223447,9.629642194200896,3.544998455310731,-32.318072234181386
2002-08-16,-34.07277964343235,11.892490280132883,5.392784423954635,-33.17299685816561
2002-08-17,-34.52673263153062,10.691852866941469,6.891078199850236,-34.272688238381555
2002-08-18,-35.87140795905835,10.616071621277849,8.084363363269288,-33.204432295440945
2002-08-19,-35.695624668833794,13.239263117012365,7.858869496722877,-33.739790652853074
2002-08-20,-35.039377547246616,11.678867702019598,8.061683275778611,-33.196028054808494
2002-08-21,-33.86576320713824,10.878964386300858,7.625175779699055,-33.60609135114133
2002-08-22,-34.225982588841795,10.53001363208177,6.699234525754803,-32.243743282524
2002-08-23,-35.78814824730869,10.323384107955661,6.798478368013548,-31.92798115595608
2002-08-24,-37.28075847146812,9.436222876745122,7.232141315657245,-29.21812211368664
2002-08-25,-37.88090246435326,8.3092828416082,6.7849449533227,-30.193212676718005
2002-08-26,-37.843591878689494,7.847447649048321,7.48503534057402,-28.63006637876603
2002-08-27,-38.24930056150595,7.772982174745976,8.339120548083237,-29.766709807113465
2002-08-28,-37.940958004520965,7.973812034721444,7.441732007299043,-29.941907156415855
2002-08-29,-38.35428654398341,9.086672561497574,8.992026303701047,-29.39382988889277
2002-08-30,-38.13640816680764,8.10074383699612,9.20385542580396,-29.16232548285769
2002-08-31,-37.65156182751079,6.9206337696786,10.644995825172685,-30.43846833189137
2002-09-01,-36.82611092590034,8.797191614858706,8.417653699528845,-31.4264363658151
2002-09-02,-37.3159032597786,8.944336568793936,8.702364124240807,-31.414755635480294
2002-09-03,-36.10608848567603,10.026933442190902,10.425894416484304,-32.44536333998093
2002-09-04,-36.30966152693286,9.353622256915722,10.839728638039826,-31.87438486184168
2002-09-05,-36.81670547592137,11.153299748353678,10.288421907366796,-31.047355921331793
2002-09-06,-34.88143825702214,12.740551524483843,10.012026753550801,-30.968765685757045
2002-09-07,-35.01367471746772,13.56552518429064,8.863114837149727,-31.17569419840197
2002-09-08,-35.020295360811424,12.356006805938565,10.380384830311012,-32.155678083531754
2002-09-09,-35.74502816128522,12.051254430790113,9.383766765155428,-30.650737013911186
2002-09-10,-34.07265084259177,10.172165889063207,9.298797051409686,-32.301926584991385
2002-09-11,-35.291250872666495,10.923579114720333,7.787418950799287,-33.78569616035369
2002-09-12,-36.24557863323626,10.699235535395283,8.244552530496838,-33.19248746859718
2002-09-13,-34.77066452526134,11.459770157353445,8.532159743305755,-30.26138581793697
2002-09-14,-36.78551342187938,12.29605642269575,9.369085535427256,-31.134007646810673
2002-09-15,-36.869622775356014,11.71010161222572,10.580403448363818,-31.205226075931765
2002-09-16,-37.314563849143575,11.472361347962838,9.199904138081685,-31.788973485023515
2002-09-17,-35.25393872677087,11.784981425584382,10.405208680475845,-33.197910827465385
2002-09-18,-34.86150692383499,11.487311281278972,10.927638280139773,-35.101220326647585
2002-09-19,-34.31326504719331,11.360042852613466,10.575551504642082,-36.63253970320949
2002-09-20,-35.054315930416124,11.131561542216172,10.551143883570465,-36.406394101231996
2002-09-21,-35.44003528949675,10.62265199747748,9.81839034687736,-35.14954761578826
2002-09-22,-35.259823893697586,11.005299401845313,11.195802514964495,-34.608707580185985
2002-09-23,-35.48517794414864,11.567635898173991,11.567239066645243,-33.688020022761116
2002-09-24,-35.69113052951508,12.179457558478514,10.231502517943627,-32.93600265168068
2002-09-25,-35.66674459351326,10.97585041052674,8.661249840554369,-30.833433561693408
2002-09-26,-35.04401029514365,10.505805017852905,7.244701686541246,-30.473739848261662
